"SpreadsheetTitle";"SpreadsheetId";"SheetIndex";"SheetTitle";"SheetId";"Rows";"Cols";"Hidden";"ExportPath"
"[BDD]V2 Tests & Profils";"1m2MGBd0nyiAl3qw032B6Nfj7zQL27bRSBexiOPaRZd8";"0";"ex_Questions_Couleurs_FR";"2005417400";"51";"6";"true";"SNAPSHOT_20250825_055325/[BDD]V2 Tests & Profils/00_ex_Questions_Couleurs_FR.csv"
"[BDD]V2 Tests & Profils";"1m2MGBd0nyiAl3qw032B6Nfj7zQL27bRSBexiOPaRZd8";"1";"Liste_Fichiers_Drive";"709625128";"52";"13";"true";"SNAPSHOT_20250825_055325/[BDD]V2 Tests & Profils/01_Liste_Fichiers_Drive.csv"
"[BDD]V2 Tests & Profils";"1m2MGBd0nyiAl3qw032B6Nfj7zQL27bRSBexiOPaRZd8";"2";"Questions_r&K_Adaptabilite_FR";"194083713";"13";"7";"false";"SNAPSHOT_20250825_055325/[BDD]V2 Tests & Profils/02_Questions_r&K_Adaptabilite_FR.csv"
"[BDD]V2 Tests & Profils";"1m2MGBd0nyiAl3qw032B6Nfj7zQL27bRSBexiOPaRZd8";"3";"Profils_r&K_Adaptabilite_FR";"1752687028";"46";"5";"true";"SNAPSHOT_20250825_055325/[BDD]V2 Tests & Profils/03_Profils_r&K_Adaptabilite_FR.csv"
"[BDD]V2 Tests & Profils";"1m2MGBd0nyiAl3qw032B6Nfj7zQL27bRSBexiOPaRZd8";"4";"Questions_r&K_Resilience_FR";"927313363";"23";"7";"false";"SNAPSHOT_20250825_055325/[BDD]V2 Tests & Profils/04_Questions_r&K_Resilience_FR.csv"
"[BDD]V2 Tests & Profils";"1m2MGBd0nyiAl3qw032B6Nfj7zQL27bRSBexiOPaRZd8";"5";"Profils_r&K_Resilience_FR";"126466689";"46";"5";"true";"SNAPSHOT_20250825_055325/[BDD]V2 Tests & Profils/05_Profils_r&K_Resilience_FR.csv"
"[BDD]V2 Tests & Profils";"1m2MGBd0nyiAl3qw032B6Nfj7zQL27bRSBexiOPaRZd8";"6";"Questions_r&K_Creativite_FR";"1400235740";"23";"7";"false";"SNAPSHOT_20250825_055325/[BDD]V2 Tests & Profils/06_Questions_r&K_Creativite_FR.csv"
"[BDD]V2 Tests & Profils";"1m2MGBd0nyiAl3qw032B6Nfj7zQL27bRSBexiOPaRZd8";"7";"Profils_r&K_Creativite_FR";"13685406";"46";"5";"true";"SNAPSHOT_20250825_055325/[BDD]V2 Tests & Profils/07_Profils_r&K_Creativite_FR.csv"
"[BDD]V2 Tests & Profils";"1m2MGBd0nyiAl3qw032B6Nfj7zQL27bRSBexiOPaRZd8";"8";"sys_Composition_Emails";"1232464985";"637";"16";"false";"SNAPSHOT_20250825_055325/[BDD]V2 Tests & Profils/08_sys_Composition_Emails.csv"
"[BDD]V2 Tests & Profils";"1m2MGBd0nyiAl3qw032B6Nfj7zQL27bRSBexiOPaRZd8";"9";"import csv";"101485278";"73";"7";"false";"SNAPSHOT_20250825_055325/[BDD]V2 Tests & Profils/09_import csv.csv"
"[BDD]V2 Tests & Profils";"1m2MGBd0nyiAl3qw032B6Nfj7zQL27bRSBexiOPaRZd8";"10";"Questions_r&K_Environnement_FR";"1378386937";"61";"7";"false";"SNAPSHOT_20250825_055325/[BDD]V2 Tests & Profils/10_Questions_r&K_Environnement_FR.csv"
"[BDD]V2 Tests & Profils";"1m2MGBd0nyiAl3qw032B6Nfj7zQL27bRSBexiOPaRZd8";"11";"Profils_r&K_Environnement_FR";"1052793173";"73";"5";"false";"SNAPSHOT_20250825_055325/[BDD]V2 Tests & Profils/11_Profils_r&K_Environnement_FR.csv"
"[BDD]V2 Tests & Profils";"1m2MGBd0nyiAl3qw032B6Nfj7zQL27bRSBexiOPaRZd8";"12";"ex sys_PiecesJointes";"1695446534";"77";"6";"true";"SNAPSHOT_20250825_055325/[BDD]V2 Tests & Profils/12_ex sys_PiecesJointes.csv"
"[BDD]V2 Tests & Profils";"1m2MGBd0nyiAl3qw032B6Nfj7zQL27bRSBexiOPaRZd8";"13";"Profils_ANCRES_FR";"343454989";"9";"11";"true";"SNAPSHOT_20250825_055325/[BDD]V2 Tests & Profils/13_Profils_ANCRES_FR.csv"
"[BDD]V2 Tests & Profils";"1m2MGBd0nyiAl3qw032B6Nfj7zQL27bRSBexiOPaRZd8";"14";"Profils_ANCRES_EN";"993410907";"9";"11";"true";"SNAPSHOT_20250825_055325/[BDD]V2 Tests & Profils/14_Profils_ANCRES_EN.csv"
"[BDD]V2 Tests & Profils";"1m2MGBd0nyiAl3qw032B6Nfj7zQL27bRSBexiOPaRZd8";"15";"Questions_VALEURS_FR";"1477777830";"3";"7";"true";"SNAPSHOT_20250825_055325/[BDD]V2 Tests & Profils/15_Questions_VALEURS_FR.csv"
"[BDD]V2 Tests & Profils";"1m2MGBd0nyiAl3qw032B6Nfj7zQL27bRSBexiOPaRZd8";"16";"Questions_VALEURS2_FR";"81914659";"5";"7";"true";"SNAPSHOT_20250825_055325/[BDD]V2 Tests & Profils/16_Questions_VALEURS2_FR.csv"
"[BDD]V2 Tests & Profils";"1m2MGBd0nyiAl3qw032B6Nfj7zQL27bRSBexiOPaRZd8";"17";"Questions_Couleurs_FR";"359092702";"41";"7";"false";"SNAPSHOT_20250825_055325/[BDD]V2 Tests & Profils/17_Questions_Couleurs_FR.csv"
"[BDD]V2 Tests & Profils";"1m2MGBd0nyiAl3qw032B6Nfj7zQL27bRSBexiOPaRZd8";"18";"Questions_Couleurs_EN";"1387879460";"41";"7";"true";"SNAPSHOT_20250825_055325/[BDD]V2 Tests & Profils/18_Questions_Couleurs_EN.csv"
"[BDD]V2 Tests & Profils";"1m2MGBd0nyiAl3qw032B6Nfj7zQL27bRSBexiOPaRZd8";"19";"ex_Questions_Couleurs_EN";"953584688";"51";"6";"true";"SNAPSHOT_20250825_055325/[BDD]V2 Tests & Profils/19_ex_Questions_Couleurs_EN.csv"
"[BDD]V2 Tests & Profils";"1m2MGBd0nyiAl3qw032B6Nfj7zQL27bRSBexiOPaRZd8";"20";"Profils_Couleurs_FR";"181627594";"5";"11";"false";"SNAPSHOT_20250825_055325/[BDD]V2 Tests & Profils/20_Profils_Couleurs_FR.csv"
"[BDD]V2 Tests & Profils";"1m2MGBd0nyiAl3qw032B6Nfj7zQL27bRSBexiOPaRZd8";"21";"Profils_Couleurs_EN";"1147974279";"17";"11";"true";"SNAPSHOT_20250825_055325/[BDD]V2 Tests & Profils/21_Profils_Couleurs_EN.csv"
"[BDD]V2 Tests & Profils";"1m2MGBd0nyiAl3qw032B6Nfj7zQL27bRSBexiOPaRZd8";"22";"Profils_MBTI_FR";"1127311809";"17";"11";"true";"SNAPSHOT_20250825_055325/[BDD]V2 Tests & Profils/22_Profils_MBTI_FR.csv"
"[BDD]V2 Tests & Profils";"1m2MGBd0nyiAl3qw032B6Nfj7zQL27bRSBexiOPaRZd8";"23";"Questions_MBTI_FR";"260429762";"49";"7";"true";"SNAPSHOT_20250825_055325/[BDD]V2 Tests & Profils/23_Questions_MBTI_FR.csv"
"[BDD]V2 Tests & Profils";"1m2MGBd0nyiAl3qw032B6Nfj7zQL27bRSBexiOPaRZd8";"24";"Questions_ANCRES_FR";"2081174326";"41";"7";"true";"SNAPSHOT_20250825_055325/[BDD]V2 Tests & Profils/24_Questions_ANCRES_FR.csv"
"[BDD]V2 Tests & Profils";"1m2MGBd0nyiAl3qw032B6Nfj7zQL27bRSBexiOPaRZd8";"25";"Questions_MBTI_EN";"47751217";"49";"7";"true";"SNAPSHOT_20250825_055325/[BDD]V2 Tests & Profils/25_Questions_MBTI_EN.csv"
"[BDD]V2 Tests & Profils";"1m2MGBd0nyiAl3qw032B6Nfj7zQL27bRSBexiOPaRZd8";"26";"Questions_ANCRES_EN";"2007878778";"41";"7";"true";"SNAPSHOT_20250825_055325/[BDD]V2 Tests & Profils/26_Questions_ANCRES_EN.csv"
"[BDD]V2 Tests & Profils";"1m2MGBd0nyiAl3qw032B6Nfj7zQL27bRSBexiOPaRZd8";"27";"Profils_MBTI_EN";"1440731764";"17";"11";"true";"SNAPSHOT_20250825_055325/[BDD]V2 Tests & Profils/27_Profils_MBTI_EN.csv"
"[BDD]V2 Tests & Profils";"1m2MGBd0nyiAl3qw032B6Nfj7zQL27bRSBexiOPaRZd8";"28";"Traductions";"1961642580";"34";"4";"false";"SNAPSHOT_20250825_055325/[BDD]V2 Tests & Profils/28_Traductions.csv"
"[BDD]V2 Tests & Profils";"1m2MGBd0nyiAl3qw032B6Nfj7zQL27bRSBexiOPaRZd8";"29";"sys_Formatage_Scores";"133917849";"4";"5";"false";"SNAPSHOT_20250825_055325/[BDD]V2 Tests & Profils/29_sys_Formatage_Scores.csv"
"[BDD]V2 Tests & Profils";"1m2MGBd0nyiAl3qw032B6Nfj7zQL27bRSBexiOPaRZd8";"30";"vic et Onglets masqués";"1913232592";"5";"5";"true";"SNAPSHOT_20250825_055325/[BDD]V2 Tests & Profils/30_vic et Onglets masqués.csv"
"[BDD]V2 Tests & Profils";"1m2MGBd0nyiAl3qw032B6Nfj7zQL27bRSBexiOPaRZd8";"31";"Copie de Questions_MBTI_EN";"1643874258";"76";"6";"true";"SNAPSHOT_20250825_055325/[BDD]V2 Tests & Profils/31_Copie de Questions_MBTI_EN.csv"
"[BDD]V2 Tests & Profils";"1m2MGBd0nyiAl3qw032B6Nfj7zQL27bRSBexiOPaRZd8";"32";"ex Gabarits_Emails";"1124396561";"7";"10";"true";"SNAPSHOT_20250825_055325/[BDD]V2 Tests & Profils/32_ex Gabarits_Emails.csv"
"[BDD]V2 Tests & Profils";"1m2MGBd0nyiAl3qw032B6Nfj7zQL27bRSBexiOPaRZd8";"33";"Nomenclature";"1680559600";"44";"11";"false";"SNAPSHOT_20250825_055325/[BDD]V2 Tests & Profils/33_Nomenclature.csv"
"[BDD]V2 Tests & Profils";"1m2MGBd0nyiAl3qw032B6Nfj7zQL27bRSBexiOPaRZd8";"34";"Nomenclature2";"2012420496";"19";"3";"false";"SNAPSHOT_20250825_055325/[BDD]V2 Tests & Profils/34_Nomenclature2.csv"
"[BDD]V2 Tests & Profils";"1m2MGBd0nyiAl3qw032B6Nfj7zQL27bRSBexiOPaRZd8";"35";"Questions_META_FR";"189052019";"9";"7";"true";"SNAPSHOT_20250825_055325/[BDD]V2 Tests & Profils/35_Questions_META_FR.csv"
"[BDD]V2 Tests & Profils";"1m2MGBd0nyiAl3qw032B6Nfj7zQL27bRSBexiOPaRZd8";"36";"Gabarits_Emails";"841750292";"7";"6";"false";"SNAPSHOT_20250825_055325/[BDD]V2 Tests & Profils/36_Gabarits_Emails.csv"
"[CONFIG]V2 Usine à Tests";"1kLBqIHZWbHrb4SsoSQcyVsLOmqKHkhSA4FttM5hZtDQ";"0";"Réponses au formulaire 1";"1132414305";"7";"44";"false";"SNAPSHOT_20250825_055325/[CONFIG]V2 Usine à Tests/00_Réponses au formulaire 1.csv"
"[CONFIG]V2 Usine à Tests";"1kLBqIHZWbHrb4SsoSQcyVsLOmqKHkhSA4FttM5hZtDQ";"1";"Paramètres Généraux";"1917001023";"9";"38";"false";"SNAPSHOT_20250825_055325/[CONFIG]V2 Usine à Tests/01_Paramètres Généraux.csv"
"[CONFIG]V2 Usine à Tests";"1kLBqIHZWbHrb4SsoSQcyVsLOmqKHkhSA4FttM5hZtDQ";"2";"Formulaires";"1040211364";"1";"3";"false";"SNAPSHOT_20250825_055325/[CONFIG]V2 Usine à Tests/02_Formulaires.csv"
"[CONFIG]V2 Usine à Tests";"1kLBqIHZWbHrb4SsoSQcyVsLOmqKHkhSA4FttM5hZtDQ";"3";"sys_Options_Parametres";"1956417717";"15";"11";"false";"SNAPSHOT_20250825_055325/[CONFIG]V2 Usine à Tests/03_sys_Options_Parametres.csv"
"[CONFIG]V2 Usine à Tests";"1kLBqIHZWbHrb4SsoSQcyVsLOmqKHkhSA4FttM5hZtDQ";"4";"ref_Modes_Traitement";"526695791";"13";"5";"false";"SNAPSHOT_20250825_055325/[CONFIG]V2 Usine à Tests/04_ref_Modes_Traitement.csv"
"[CONFIG]V2 Usine à Tests";"1kLBqIHZWbHrb4SsoSQcyVsLOmqKHkhSA4FttM5hZtDQ";"5";"sys_ID_Fichiers";"0";"13";"10";"false";"SNAPSHOT_20250825_055325/[CONFIG]V2 Usine à Tests/05_sys_ID_Fichiers.csv"
"[CONFIG]V2 Usine à Tests";"1kLBqIHZWbHrb4SsoSQcyVsLOmqKHkhSA4FttM5hZtDQ";"6";"sys_Contenu_Emails";"1223572347";"7";"4";"false";"SNAPSHOT_20250825_055325/[CONFIG]V2 Usine à Tests/06_sys_Contenu_Emails.csv"
"[CONFIG]V2 Usine à Tests";"1kLBqIHZWbHrb4SsoSQcyVsLOmqKHkhSA4FttM5hZtDQ";"7";"nomenclature";"1129779189";"70";"28";"false";"SNAPSHOT_20250825_055325/[CONFIG]V2 Usine à Tests/07_nomenclature.csv"
"[MOTEUR]V2 Usine à Tests";"1hrcdsMRwx4FuHTvvtJoq2AVh8XTzwp5MErJ3UQ0OA5E";"0";"Feuille 1";"0";"1";"1";"false";"SNAPSHOT_20250825_055325/[MOTEUR]V2 Usine à Tests/00_Feuille 1.csv"
"[TEMPLATE]V2 Kit de Traitement";"1XwyTt9hcFLd-_IrCYuKY4_E6Dw9aUrls-AGQp65dzDU";"0";"Feuille 1";"0";"8";"4";"false";"SNAPSHOT_20250825_055325/[TEMPLATE]V2 Kit de Traitement/00_Feuille 1.csv"
"zz ex [TEMPLATE] Kit de Traitement";"1SzGOvQHnhP0051_I7jFc4jQy6JRbswzwRPwtKq2n-Bs";"0";"Feuille 1";"0";"8";"4";"false";"SNAPSHOT_20250825_055325/zz ex [TEMPLATE] Kit de Traitement/00_Feuille 1.csv"